Country name,  year,  Life Ladder,  Log GDP per capita,  Social support,  Healthy life expectancy at birth,  Freedom to make life choices,  Generosity,  Perceptions of corruption,  Population,  part of the world
Dominican Republic,2011,5.397,9.475,0.872,64.020,0.848,0.014,0.788,10878246,Latin America and Caribbean
Dominican Republic,2012,4.753,9.489,0.879,64.240,0.840,-0.062,0.727,10878246,Latin America and Caribbean
Dominican Republic,2013,5.016,9.525,0.878,64.460,0.889,0.021,0.752,10878246,Latin America and Caribbean
Dominican Republic,2014,5.387,9.582,0.891,64.680,0.905,-0.020,0.760,10878246,Latin America and Caribbean
Dominican Republic,2015,5.062,9.637,0.893,64.900,0.856,-0.065,0.755,10878246,Latin America and Caribbean
Dominican Republic,2016,5.239,9.691,0.895,65.200,0.873,-0.080,0.737,10878246,Latin America and Caribbean
Dominican Republic,2017,5.605,9.725,0.894,65.500,0.855,-0.121,0.760,10878246,Latin America and Caribbean
Dominican Republic,2018,5.433,9.782,0.862,65.800,0.867,-0.150,0.762,10878246,Latin America and Caribbean
Dominican Republic,2019,6.004,9.821,0.884,66.100,0.877,-0.123,0.746,10878246,Latin America and Caribbean
Dominican Republic,2020,5.168,9.802,0.806,66.400,0.835,-0.128,0.636,10878246,Latin America and Caribbean
South Africa,2011,4.931,9.447,0.858,51.460,0.835,-0.154,0.819,59622350,Latin America and Caribbean
South Africa,2012,5.134,9.453,0.907,52.420,0.590,-0.163,0.838,59622350,Latin America and Caribbean
South Africa,2013,3.661,9.461,0.839,53.380,0.714,-0.077,0.800,59622350,Latin America and Caribbean
South Africa,2014,4.828,9.464,0.881,54.340,0.794,-0.117,0.820,59622350,Latin America and Caribbean
South Africa,2015,4.887,9.460,0.898,55.300,0.862,-0.127,0.853,59622350,Latin America and Caribbean
South Africa,2016,4.770,9.450,0.875,55.700,0.774,-0.070,0.813,59622350,Latin America and Caribbean
South Africa,2017,4.514,9.450,0.870,56.100,0.787,-0.129,0.865,59622350,Latin America and Caribbean
South Africa,2018,4.884,9.444,0.841,56.500,0.753,-0.050,0.841,59622350,Latin America and Caribbean
South Africa,2019,5.035,9.432,0.848,56.900,0.738,-0.134,0.820,59622350,Latin America and Caribbean
South Africa,2020,4.947,9.332,0.891,57.300,0.757,-0.015,0.912,59622350,Latin America and Caribbean
Tanzania,2011,4.074,7.649,0.883,53.040,0.736,-0.046,0.816,56313438,Latin America and Caribbean
Tanzania,2012,4.007,7.663,0.832,53.780,0.577,0.213,0.887,56313438,Latin America and Caribbean
Tanzania,2013,3.852,7.699,0.803,54.520,0.654,0.054,0.859,56313438,Latin America and Caribbean
Tanzania,2014,3.483,7.734,0.789,55.260,0.654,0.110,0.878,56313438,Latin America and Caribbean
Tanzania,2015,3.661,7.764,0.790,56.000,0.759,0.149,0.906,56313438,Latin America and Caribbean
Tanzania,2016,2.903,7.800,0.638,56.500,0.775,0.179,0.739,56313438,Latin America and Caribbean
Tanzania,2017,3.347,7.836,0.705,57.000,0.800,0.116,0.654,56313438,Latin America and Caribbean
Tanzania,2018,3.445,7.859,0.675,57.500,0.807,0.153,0.612,56313438,Latin America and Caribbean
Tanzania,2019,3.640,7.886,0.687,58.000,0.850,0.100,0.589,56313438,Latin America and Caribbean
Tanzania,2020,3.786,7.881,0.740,58.500,0.830,0.295,0.521,56313438,Latin America and Caribbean
Zimbabwe,2011,4.846,7.846,0.865,48.120,0.633,-0.088,0.830,14215809,Latin America and Caribbean
Zimbabwe,2012,4.955,7.983,0.896,49.540,0.470,-0.103,0.859,14215809,Latin America and Caribbean
Zimbabwe,2013,4.690,7.985,0.799,50.960,0.576,-0.104,0.831,14215809,Latin America and Caribbean
Zimbabwe,2014,4.184,7.991,0.766,52.380,0.642,-0.074,0.820,14215809,Latin America and Caribbean
Zimbabwe,2015,3.703,7.992,0.736,53.800,0.667,-0.123,0.810,14215809,Latin America and Caribbean
Zimbabwe,2016,3.735,7.984,0.768,54.400,0.733,-0.095,0.724,14215809,Latin America and Caribbean
Zimbabwe,2017,3.638,8.016,0.754,55.000,0.753,-0.098,0.751,14215809,Latin America and Caribbean
Zimbabwe,2018,3.616,8.049,0.775,55.600,0.763,-0.068,0.844,14215809,Latin America and Caribbean
Zimbabwe,2019,2.694,7.950,0.759,56.200,0.632,-0.064,0.831,14215809,Latin America and Caribbean
Zimbabwe,2020,3.160,7.829,0.717,56.800,0.643,-0.009,0.789,14215809,Latin America and Caribbean
Bangladesh,2011,4.986,8.018,0.606,61.120,0.838,-0.069,0.757,161376708,South Asia
Bangladesh,2012,4.724,8.070,0.582,61.540,0.668,-0.034,0.765,161376708,South Asia
Bangladesh,2013,4.660,8.116,0.530,61.960,0.742,-0.016,0.743,161376708,South Asia
Bangladesh,2014,4.636,8.164,0.577,62.380,0.736,-0.098,0.789,161376708,South Asia
Bangladesh,2015,4.633,8.216,0.601,62.800,0.815,-0.068,0.721,161376708,South Asia
Bangladesh,2016,4.556,8.274,0.649,63.300,0.875,-0.089,0.688,161376708,South Asia
Bangladesh,2017,4.310,8.334,0.713,63.800,0.896,0.012,0.635,161376708,South Asia
Bangladesh,2018,4.499,8.399,0.706,64.300,0.901,-0.043,0.701,161376708,South Asia
Bangladesh,2019,5.114,8.467,0.673,64.800,0.902,-0.051,0.656,161376708,South Asia
Bangladesh,2020,5.280,8.472,0.739,65.300,0.777,-0.009,0.742,161376708,South Asia
India,2011,4.635,8.387,0.553,57.700,0.838,-0.038,0.908,1352642280,South Asia
India,2012,4.720,8.428,0.511,58.000,0.609,0.067,0.830,1352642280,South Asia
India,2013,4.428,8.478,0.553,58.300,0.740,0.084,0.832,1352642280,South Asia
India,2014,4.424,8.538,0.621,58.600,0.809,-0.026,0.832,1352642280,South Asia
India,2015,4.342,8.604,0.610,58.900,0.777,-0.005,0.776,1352642280,South Asia
India,2016,4.179,8.673,0.614,59.300,0.820,0.046,0.765,1352642280,South Asia
India,2017,4.046,8.730,0.607,59.700,0.886,-0.042,0.781,1352642280,South Asia
India,2018,3.818,8.779,0.638,60.100,0.890,0.085,0.805,1352642280,South Asia
India,2019,3.249,8.818,0.561,60.500,0.876,0.112,0.752,1352642280,South Asia
India,2020,4.225,8.703,0.617,60.900,0.906,0.075,0.780,1352642280,South Asia
Nepal,2010,4.350,7.765,0.779,59.200,0.519,0.092,0.911,28095714,South Asia
Nepal,2011,3.809,7.797,0.741,59.400,0.525,-0.010,0.935,28095714,South Asia
Nepal,2012,4.233,7.846,0.734,59.600,0.638,0.070,0.883,28095714,South Asia
Nepal,2013,4.605,7.889,0.740,59.800,0.722,0.151,0.877,28095714,South Asia
Nepal,2014,4.975,7.948,0.786,60.000,0.712,0.121,0.841,28095714,South Asia
Nepal,2015,4.812,7.976,0.748,60.200,0.763,0.227,0.824,28095714,South Asia
Nepal,2016,5.100,7.973,0.837,61.300,0.839,0.168,0.817,28095714,South Asia
Nepal,2017,4.737,8.039,0.816,62.400,0.845,0.134,0.770,28095714,South Asia
Nepal,2018,4.910,8.087,0.768,63.500,0.770,0.122,0.742,28095714,South Asia
Nepal,2019,5.449,8.136,0.772,64.600,0.790,0.167,0.712,28095714,South Asia
Pakistan,2010,5.786,8.270,0.571,56.200,0.364,0.300,0.852,212228286,South Asia
Pakistan,2011,5.267,8.276,0.510,56.420,0.376,0.030,0.857,212228286,South Asia
Pakistan,2012,5.132,8.289,0.542,56.640,0.367,0.165,0.842,212228286,South Asia
Pakistan,2013,5.138,8.311,0.607,56.860,0.448,0.100,0.792,212228286,South Asia
Pakistan,2014,5.436,8.336,0.552,57.080,0.543,0.140,0.677,212228286,South Asia
Pakistan,2015,4.823,8.361,0.562,57.300,0.587,0.085,0.717,212228286,South Asia
Pakistan,2016,5.549,8.394,0.627,57.700,0.634,0.095,0.793,212228286,South Asia
Pakistan,2017,5.831,8.428,0.690,58.100,0.713,0.045,0.714,212228286,South Asia
Pakistan,2018,5.472,8.464,0.685,58.500,0.773,0.069,0.799,212228286,South Asia
Pakistan,2019,4.443,8.453,0.617,58.900,0.685,0.124,0.776,212228286,South Asia
Egypt,2011,4.174,9.240,0.753,60.160,0.590,-0.151,0.859,101576517,Middle East and North Africa
Egypt,2012,4.204,9.240,0.737,60.320,0.452,-0.138,0.880,101576517,Middle East and North Africa
Egypt,2013,3.559,9.239,0.675,60.480,0.474,-0.141,0.913,101576517,Middle East and North Africa
Egypt,2014,4.885,9.245,0.619,60.640,0.578,-0.126,0.749,101576517,Middle East and North Africa
Egypt,2015,4.763,9.266,0.730,60.800,0.659,-0.089,0.684,101576517,Middle East and North Africa
Egypt,2016,4.557,9.287,0.809,61.100,0.656,-0.141,0.818,101576517,Middle East and North Africa
Egypt,2017,3.929,9.307,0.638,61.400,0.593,-0.152,0.817,101576517,Middle East and North Africa
Egypt,2018,4.005,9.338,0.759,61.700,0.682,-0.215,0.817,101576517,Middle East and North Africa
Egypt,2019,4.328,9.373,0.772,62.000,0.774,-0.199,0.817,101576517,Middle East and North Africa
Egypt,2020,4.472,9.383,0.673,62.300,0.770,-0.112,0.817,101576517,Middle East and North Africa
Iran,2011,4.768,9.547,0.582,64.140,0.798,0.200,0.665,83183741,Middle East and North Africa
Iran,2012,4.609,9.458,0.600,64.380,0.764,0.206,0.678,83183741,Middle East and North Africa
Iran,2013,5.140,9.443,0.664,64.620,0.730,0.216,0.685,83183741,Middle East and North Africa
Iran,2014,4.682,9.476,0.644,64.860,0.767,0.241,0.640,83183741,Middle East and North Africa
Iran,2015,4.750,9.449,0.572,65.100,0.780,0.176,0.699,83183741,Middle East and North Africa
Iran,2016,4.653,9.561,0.566,65.400,0.773,0.186,0.713,83183741,Middle East and North Africa
Iran,2017,4.717,9.584,0.714,65.700,0.731,0.218,0.715,83183741,Middle East and North Africa
Iran,2018,4.278,9.503,0.674,66.000,0.603,0.206,0.703,83183741,Middle East and North Africa
Iran,2019,5.006,9.503,0.698,66.300,0.623,0.206,0.728,83183741,Middle East and North Africa
Iran,2020,4.865,9.503,0.757,66.600,0.600,0.206,0.710,83183741,Middle East and North Africa
Israel,2011,7.433,10.489,0.893,72.460,0.722,0.141,0.891,9344520,Middle East and North Africa
Israel,2012,7.111,10.493,0.903,72.520,0.681,0.153,0.862,9344520,Middle East and North Africa
Israel,2013,7.321,10.515,0.909,72.580,0.739,0.150,0.849,9344520,Middle East and North Africa
Israel,2014,7.401,10.533,0.889,72.640,0.707,0.094,0.818,9344520,Middle East and North Africa
Israel,2015,7.079,10.536,0.864,72.700,0.753,0.108,0.789,9344520,Middle East and North Africa
Israel,2016,7.159,10.555,0.890,72.900,0.772,0.153,0.804,9344520,Middle East and North Africa
Israel,2017,7.331,10.570,0.916,73.100,0.768,0.145,0.793,9344520,Middle East and North Africa
Israel,2018,6.927,10.585,0.910,73.300,0.725,0.055,0.770,9344520,Middle East and North Africa
Israel,2019,7.332,10.601,0.946,73.500,0.834,0.085,0.743,9344520,Middle East and North Africa
Israel,2020,7.195,10.538,0.959,73.700,0.831,-0.049,0.748,9344520,Middle East and North Africa
Turkey,2011,5.272,9.996,0.692,64.640,0.446,-0.242,0.649,83614362,Middle East and North Africa
Turkey,2012,5.309,10.026,0.739,64.880,0.471,-0.216,0.702,83614362,Middle East and North Africa
Turkey,2013,4.888,10.091,0.795,65.120,0.541,-0.229,0.698,83614362,Middle East and North Africa
Turkey,2014,5.580,10.124,0.863,65.360,0.649,-0.024,0.764,83614362,Middle East and North Africa
Turkey,2015,5.514,10.166,0.851,65.600,0.653,-0.016,0.806,83614362,Middle East and North Africa
Turkey,2016,5.326,10.181,0.880,66.000,0.644,-0.065,0.764,83614362,Middle East and North Africa
Turkey,2017,5.607,10.238,0.876,66.400,0.644,-0.237,0.671,83614362,Middle East and North Africa
Turkey,2018,5.186,10.251,0.847,66.800,0.529,-0.176,0.805,83614362,Middle East and North Africa
Turkey,2019,4.872,10.246,0.792,67.200,0.631,-0.136,0.760,83614362,Middle East and North Africa
Turkey,2020,4.862,10.219,0.857,67.600,0.510,-0.111,0.774,83614362,Middle East and North Africa
Indonesia,2010,5.457,9.022,0.816,60.400,0.700,0.448,0.954,270203917,Southeast Asia
Indonesia,2011,5.173,9.069,0.825,60.620,0.878,0.438,0.962,270203917,Southeast Asia
Indonesia,2012,5.368,9.114,0.834,60.840,0.770,0.354,0.962,270203917,Southeast Asia
Indonesia,2013,5.292,9.155,0.794,61.060,0.781,0.376,0.973,270203917,Southeast Asia
Indonesia,2014,5.597,9.190,0.905,61.280,0.719,0.408,0.970,270203917,Southeast Asia
Indonesia,2015,5.043,9.225,0.809,61.500,0.779,0.471,0.946,270203917,Southeast Asia
Indonesia,2016,5.136,9.262,0.792,61.700,0.830,0.500,0.890,270203917,Southeast Asia
Indonesia,2017,5.098,9.300,0.796,61.900,0.865,0.488,0.900,270203917,Southeast Asia
Indonesia,2018,5.340,9.339,0.809,62.100,0.879,0.512,0.868,270203917,Southeast Asia
Indonesia,2019,5.347,9.377,0.802,62.300,0.866,0.555,0.861,270203917,Southeast Asia
Malaysia,2008,5.807,9.909,0.803,65.280,0.780,0.044,0.884,32730000,Southeast Asia
Malaysia,2009,5.385,9.875,0.792,65.440,0.874,-0.009,0.858,32730000,Southeast Asia
Malaysia,2010,5.580,9.930,0.839,65.600,0.769,0.032,0.844,32730000,Southeast Asia
Malaysia,2011,5.786,9.966,0.770,65.760,0.840,-0.016,0.842,32730000,Southeast Asia
Malaysia,2012,5.914,10.005,0.841,65.920,0.848,0.017,0.847,32730000,Southeast Asia
Malaysia,2013,5.770,10.037,0.831,66.080,0.791,0.264,0.755,32730000,Southeast Asia
Malaysia,2014,5.963,10.082,0.863,66.240,0.808,0.239,0.845,32730000,Southeast Asia
Malaysia,2015,6.322,10.118,0.818,66.400,0.675,0.222,0.838,32730000,Southeast Asia
Malaysia,2018,5.339,10.223,0.789,67.000,0.875,0.127,0.894,32730000,Southeast Asia
Malaysia,2019,5.428,10.252,0.842,67.200,0.916,0.123,0.782,32730000,Southeast Asia
Philippines,2011,4.994,8.707,0.789,60.800,0.883,0.073,0.783,106651394,Southeast Asia
Philippines,2012,5.002,8.756,0.813,61.000,0.914,0.053,0.771,106651394,Southeast Asia
Philippines,2013,4.977,8.805,0.846,61.200,0.907,0.021,0.756,106651394,Southeast Asia
Philippines,2014,5.313,8.850,0.813,61.400,0.902,-0.015,0.787,106651394,Southeast Asia
Philippines,2015,5.547,8.896,0.854,61.600,0.912,-0.051,0.755,106651394,Southeast Asia
Philippines,2016,5.431,8.950,0.821,61.700,0.908,-0.071,0.792,106651394,Southeast Asia
Philippines,2017,5.594,9.002,0.851,61.800,0.926,-0.141,0.711,106651394,Southeast Asia
Philippines,2018,5.869,9.050,0.846,61.900,0.918,-0.108,0.726,106651394,Southeast Asia
Philippines,2019,6.268,9.095,0.845,62.000,0.910,-0.083,0.748,106651394,Southeast Asia
Philippines,2020,5.080,9.061,0.781,62.100,0.932,-0.116,0.744,106651394,Southeast Asia
Singapore,2009,6.145,11.149,0.866,74.500,0.776,-0.075,0.035,5703600,Southeast Asia
Singapore,2010,6.531,11.267,0.864,74.800,0.846,-0.018,0.060,5703600,Southeast Asia
Singapore,2011,6.561,11.307,0.904,75.020,0.822,-0.149,0.099,5703600,Southeast Asia
Singapore,2013,6.533,11.357,0.808,75.460,0.827,0.115,0.242,5703600,Southeast Asia
Singapore,2014,7.062,11.383,0.822,75.680,0.835,0.154,0.133,5703600,Southeast Asia
Singapore,2015,6.620,11.400,0.866,75.900,0.887,0.150,0.099,5703600,Southeast Asia
Singapore,2016,6.033,11.419,0.925,76.200,0.904,0.143,0.047,5703600,Southeast Asia
Singapore,2017,6.378,11.461,0.897,76.500,0.926,0.136,0.162,5703600,Southeast Asia
Singapore,2018,6.375,11.490,0.903,76.800,0.916,-0.066,0.097,5703600,Southeast Asia
Singapore,2019,6.378,11.486,0.925,77.100,0.938,0.027,0.070,5703600,Southeast Asia
Belarus,2010,5.526,9.758,0.918,62.300,0.700,-0.163,0.706,9408400,Commonwealth of Independent States
Belarus,2011,5.225,9.812,0.910,62.880,0.656,-0.168,0.672,9408400,Commonwealth of Independent States
Belarus,2012,5.749,9.830,0.902,63.460,0.645,-0.217,0.657,9408400,Commonwealth of Independent States
Belarus,2013,5.876,9.839,0.923,64.040,0.723,-0.177,0.653,9408400,Commonwealth of Independent States
Belarus,2014,5.812,9.856,0.880,64.620,0.647,-0.048,0.682,9408400,Commonwealth of Independent States
Belarus,2015,5.719,9.815,0.924,65.200,0.623,-0.091,0.669,9408400,Commonwealth of Independent States
Belarus,2016,5.178,9.788,0.927,65.500,0.658,-0.125,0.664,9408400,Commonwealth of Independent States
Belarus,2017,5.553,9.814,0.900,65.800,0.621,-0.122,0.654,9408400,Commonwealth of Independent States
Belarus,2018,5.234,9.846,0.905,66.100,0.644,-0.174,0.718,9408400,Commonwealth of Independent States
Belarus,2019,5.821,9.860,0.917,66.400,0.657,-0.186,0.546,9408400,Commonwealth of Independent States
Georgia,2011,4.203,9.263,0.503,64.860,0.632,-0.255,0.353,3716858,Commonwealth of Independent States
Georgia,2012,4.254,9.332,0.533,64.920,0.659,-0.269,0.321,3716858,Commonwealth of Independent States
Georgia,2013,4.349,9.371,0.559,64.980,0.722,-0.254,0.349,3716858,Commonwealth of Independent States
Georgia,2014,4.288,9.414,0.558,65.040,0.720,-0.233,0.416,3716858,Commonwealth of Independent States
Georgia,2015,4.122,9.442,0.517,65.100,0.640,-0.205,0.502,3716858,Commonwealth of Independent States
Georgia,2016,4.448,9.470,0.533,64.900,0.606,-0.249,0.561,3716858,Commonwealth of Independent States
Georgia,2017,4.451,9.517,0.590,64.700,0.821,-0.244,0.590,3716858,Commonwealth of Independent States
Georgia,2018,4.659,9.565,0.617,64.500,0.775,-0.233,0.755,3716858,Commonwealth of Independent States
Georgia,2019,4.892,9.617,0.675,64.300,0.811,-0.260,0.647,3716858,Commonwealth of Independent States
Georgia,2020,5.123,9.569,0.718,64.100,0.764,-0.221,0.583,3716858,Commonwealth of Independent States
Kazakhstan,2011,5.736,9.997,0.905,60.720,0.878,-0.235,0.802,18711560,Commonwealth of Independent States
Kazakhstan,2012,5.759,10.030,0.892,61.240,0.840,-0.171,0.877,18711560,Commonwealth of Independent States
Kazakhstan,2013,5.835,10.074,0.889,61.760,0.782,-0.229,0.820,18711560,Commonwealth of Independent States
Kazakhstan,2014,5.970,10.101,0.795,62.280,0.799,0.004,0.805,18711560,Commonwealth of Independent States
Kazakhstan,2015,5.950,10.098,0.931,62.800,0.740,-0.037,0.714,18711560,Commonwealth of Independent States
Kazakhstan,2016,5.534,10.095,0.928,63.400,0.783,-0.036,0.702,18711560,Commonwealth of Independent States
Kazakhstan,2017,5.882,10.121,0.914,64.000,0.745,-0.035,0.755,18711560,Commonwealth of Independent States
Kazakhstan,2018,6.008,10.148,0.937,64.600,0.840,-0.098,0.824,18711560,Commonwealth of Independent States
Kazakhstan,2019,6.272,10.179,0.951,65.200,0.852,-0.055,0.708,18711560,Commonwealth of Independent States
Kazakhstan,2020,6.168,10.135,0.966,65.800,0.872,-0.056,0.661,18711560,Commonwealth of Independent States
Russia,2011,5.389,10.129,0.883,61.420,0.626,-0.279,0.935,146171015,Commonwealth of Independent States
Russia,2012,5.621,10.166,0.901,61.840,0.609,-0.293,0.938,146171015,Commonwealth of Independent States
Russia,2013,5.537,10.182,0.881,62.260,0.661,-0.289,0.934,146171015,Commonwealth of Independent States
Russia,2014,6.037,10.171,0.932,62.680,0.744,-0.265,0.869,146171015,Commonwealth of Independent States
Russia,2015,5.996,10.149,0.924,63.100,0.685,-0.171,0.913,146171015,Commonwealth of Independent States
Russia,2016,5.855,10.149,0.911,63.500,0.714,-0.181,0.925,146171015,Commonwealth of Independent States
Russia,2017,5.579,10.166,0.896,63.900,0.731,-0.145,0.862,146171015,Commonwealth of Independent States
Russia,2018,5.514,10.191,0.909,64.300,0.729,-0.147,0.865,146171015,Commonwealth of Independent States
Russia,2019,5.441,10.205,0.910,64.700,0.715,-0.116,0.848,146171015,Commonwealth of Independent States
Russia,2020,5.495,10.162,0.887,65.100,0.714,-0.071,0.823,146171015,Commonwealth of Independent States
Bulgaria,2011,3.875,9.795,0.860,65.800,0.664,-0.228,0.948,6916548,Central and Eastern Europe
Bulgaria,2012,4.222,9.804,0.838,65.900,0.641,-0.172,0.938,6916548,Central and Eastern Europe
Bulgaria,2013,3.993,9.813,0.829,66.000,0.603,-0.191,0.962,6916548,Central and Eastern Europe
Bulgaria,2014,4.438,9.838,0.886,66.100,0.576,-0.055,0.955,6916548,Central and Eastern Europe
Bulgaria,2015,4.865,9.883,0.908,66.200,0.637,-0.200,0.941,6916548,Central and Eastern Europe
Bulgaria,2016,4.838,9.928,0.926,66.400,0.700,-0.170,0.936,6916548,Central and Eastern Europe
Bulgaria,2017,5.097,9.969,0.942,66.600,0.689,-0.154,0.911,6916548,Central and Eastern Europe
Bulgaria,2018,5.099,10.007,0.924,66.800,0.724,-0.176,0.952,6916548,Central and Eastern Europe
Bulgaria,2019,5.108,10.047,0.948,67.000,0.822,-0.109,0.943,6916548,Central and Eastern Europe
Bulgaria,2020,5.598,9.991,0.916,67.200,0.818,-0.004,0.901,6916548,Central and Eastern Europe
Czech Republic,2010,6.250,10.419,0.934,68.100,0.779,-0.042,0.926,10707839,Central and Eastern Europe
Czech Republic,2011,6.331,10.435,0.914,68.240,0.787,-0.106,0.950,10707839,Central and Eastern Europe
Czech Republic,2012,6.334,10.426,0.912,68.380,0.740,-0.154,0.957,10707839,Central and Eastern Europe
Czech Republic,2013,6.698,10.420,0.888,68.520,0.726,-0.156,0.916,10707839,Central and Eastern Europe
Czech Republic,2014,6.484,10.446,0.878,68.660,0.800,-0.168,0.897,10707839,Central and Eastern Europe
Czech Republic,2015,6.608,10.496,0.911,68.800,0.808,-0.146,0.886,10707839,Central and Eastern Europe
Czech Republic,2016,6.736,10.518,0.931,69.300,0.850,-0.197,0.900,10707839,Central and Eastern Europe
Czech Republic,2017,6.790,10.558,0.901,69.800,0.832,-0.177,0.867,10707839,Central and Eastern Europe
Czech Republic,2018,7.034,10.583,0.929,70.300,0.790,-0.292,0.851,10707839,Central and Eastern Europe
Czech Republic,2020,6.897,10.530,0.964,71.300,0.906,-0.127,0.884,10707839,Central and Eastern Europe
Hungary,2011,4.918,10.127,0.894,65.760,0.631,-0.089,0.940,9730000,Central and Eastern Europe
Hungary,2012,4.683,10.117,0.906,65.920,0.569,-0.136,0.930,9730000,Central and Eastern Europe
Hungary,2013,4.914,10.140,0.877,66.080,0.674,-0.113,0.912,9730000,Central and Eastern Europe
Hungary,2014,5.181,10.183,0.845,66.240,0.494,-0.150,0.855,9730000,Central and Eastern Europe
Hungary,2015,5.344,10.223,0.859,66.400,0.558,-0.198,0.908,9730000,Central and Eastern Europe
Hungary,2016,5.449,10.248,0.900,66.800,0.554,-0.187,0.924,9730000,Central and Eastern Europe
Hungary,2017,6.065,10.293,0.877,67.200,0.661,-0.139,0.886,9730000,Central and Eastern Europe
Hungary,2018,5.936,10.344,0.941,67.600,0.693,-0.243,0.911,9730000,Central and Eastern Europe
Hungary,2019,6.000,10.393,0.947,68.000,0.798,-0.195,0.884,9730000,Central and Eastern Europe
Hungary,2020,6.038,10.335,0.943,68.400,0.771,-0.120,0.836,9730000,Central and Eastern Europe
Poland,2011,5.646,10.133,0.905,67.460,0.868,-0.067,0.908,38268000,Central and Eastern Europe
Poland,2012,5.876,10.149,0.936,67.620,0.811,-0.027,0.888,38268000,Central and Eastern Europe
Poland,2013,5.746,10.164,0.912,67.780,0.776,-0.137,0.916,38268000,Central and Eastern Europe
Poland,2014,5.750,10.197,0.924,67.940,0.875,-0.064,0.898,38268000,Central and Eastern Europe
Poland,2015,6.007,10.235,0.893,68.100,0.793,-0.093,0.810,38268000,Central and Eastern Europe
Poland,2016,6.162,10.266,0.917,68.500,0.871,-0.091,0.848,38268000,Central and Eastern Europe
Poland,2017,6.201,10.314,0.882,68.900,0.831,-0.122,0.639,38268000,Central and Eastern Europe
Poland,2018,6.111,10.366,0.863,69.300,0.870,-0.254,0.720,38268000,Central and Eastern Europe
Poland,2019,6.242,10.407,0.878,69.700,0.883,-0.231,0.696,38268000,Central and Eastern Europe
Poland,2020,6.139,10.371,0.953,70.100,0.767,-0.007,0.787,38268000,Central and Eastern Europe
China,2011,5.037,9.179,0.787,67.760,0.824,-0.186,,1439323776,East Asia
China,2012,5.095,9.249,0.788,67.920,0.808,-0.185,,1439323776,East Asia
China,2013,5.241,9.319,0.778,68.080,0.805,-0.158,,1439323776,East Asia
China,2014,5.196,9.386,0.820,68.240,0.861,-0.217,,1439323776,East Asia
China,2015,5.304,9.449,0.794,68.400,0.861,-0.244,,1439323776,East Asia
China,2016,5.325,9.510,0.742,68.700,0.861,-0.228,,1439323776,East Asia
China,2017,5.099,9.571,0.772,69.000,0.878,-0.175,,1439323776,East Asia
China,2018,5.131,9.632,0.788,69.300,0.895,-0.159,,1439323776,East Asia
China,2019,5.144,9.688,0.822,69.600,0.927,-0.173,,1439323776,East Asia
China,2020,5.771,9.702,0.808,69.900,0.891,-0.103,0.348,1439323776,East Asia
Hong Kong S.A.R. of China,2008,5.137,10.816,0.840,,0.922,0.296,0.274,7500700,East Asia
Hong Kong S.A.R. of China,2009,5.397,10.788,0.835,,0.918,0.308,0.272,7500700,East Asia
Hong Kong S.A.R. of China,2010,5.643,10.847,0.857,,0.890,0.332,0.256,7500700,East Asia
Hong Kong S.A.R. of China,2011,5.474,10.887,0.846,,0.894,0.235,0.245,7500700,East Asia
Hong Kong S.A.R. of China,2012,5.484,10.893,0.826,,0.880,0.222,0.380,7500700,East Asia
Hong Kong S.A.R. of China,2014,5.458,10.940,0.834,,0.843,0.224,0.423,7500700,East Asia
Hong Kong S.A.R. of China,2016,5.498,10.970,0.832,,0.800,0.100,0.403,7500700,East Asia
Hong Kong S.A.R. of China,2017,5.362,11.000,0.831,,0.831,0.140,0.416,7500700,East Asia
Hong Kong S.A.R. of China,2019,5.659,11.000,0.856,,0.727,0.067,0.432,7500700,East Asia
Hong Kong S.A.R. of China,2020,5.295,10.905,0.813,,0.705,0.214,0.380,7500700,East Asia
Japan,2011,6.263,10.532,0.917,73.980,0.814,-0.052,0.734,125410000,East Asia
Japan,2012,5.968,10.549,0.905,74.160,0.753,-0.171,0.692,125410000,East Asia
Japan,2013,5.959,10.570,0.924,74.340,0.821,-0.147,0.650,125410000,East Asia
Japan,2014,5.923,10.575,0.900,74.520,0.838,-0.139,0.617,125410000,East Asia
Japan,2015,5.880,10.588,0.923,74.700,0.832,-0.155,0.654,125410000,East Asia
Japan,2016,5.955,10.595,0.900,74.800,0.836,-0.062,0.698,125410000,East Asia
Japan,2017,5.911,10.618,0.882,74.900,0.849,-0.206,0.659,125410000,East Asia
Japan,2018,5.794,10.623,0.886,75.000,0.773,-0.261,0.687,125410000,East Asia
Japan,2019,5.908,10.632,0.878,75.100,0.806,-0.255,0.617,125410000,East Asia
Japan,2020,6.118,10.580,0.887,75.200,0.806,-0.259,0.609,125410000,East Asia
South Korea,2011,6.947,10.475,0.809,71.660,0.682,-0.048,0.827,51709098,East Asia
South Korea,2012,6.003,10.494,0.775,71.920,0.618,-0.043,0.844,51709098,East Asia
South Korea,2013,5.959,10.520,0.797,72.180,0.642,-0.050,0.832,51709098,East Asia
South Korea,2014,5.801,10.546,0.738,72.440,0.623,-0.043,0.834,51709098,East Asia
South Korea,2015,5.780,10.568,0.768,72.700,0.616,-0.036,0.841,51709098,East Asia
South Korea,2016,5.971,10.593,0.811,73.000,0.591,0.026,0.862,51709098,East Asia
South Korea,2017,5.874,10.621,0.807,73.300,0.538,0.014,0.851,51709098,East Asia
South Korea,2018,5.840,10.643,0.798,73.600,0.600,-0.089,0.797,51709098,East Asia
South Korea,2019,5.903,10.661,0.783,73.900,0.706,-0.055,0.718,51709098,East Asia
South Korea,2020,5.793,10.648,0.808,74.200,0.711,-0.106,0.665,51709098,East Asia
Argentina,2011,6.776,10.112,0.889,67.480,0.816,-0.174,0.755,44938712,Latin America and Caribbean
Argentina,2012,6.468,10.091,0.902,67.660,0.747,-0.148,0.817,44938712,Latin America and Caribbean
Argentina,2013,6.582,10.103,0.910,67.840,0.737,-0.130,0.823,44938712,Latin America and Caribbean
Argentina,2014,6.671,10.067,0.918,68.020,0.745,-0.164,0.854,44938712,Latin America and Caribbean
Argentina,2015,6.697,10.083,0.926,68.200,0.881,-0.174,0.851,44938712,Latin America and Caribbean
Argentina,2016,6.427,10.051,0.883,68.400,0.848,-0.192,0.851,44938712,Latin America and Caribbean
Argentina,2017,6.039,10.067,0.907,68.600,0.832,-0.186,0.841,44938712,Latin America and Caribbean
Argentina,2018,5.793,10.032,0.900,68.800,0.846,-0.211,0.855,44938712,Latin America and Caribbean
Argentina,2019,6.086,10.000,0.896,69.000,0.817,-0.211,0.830,44938712,Latin America and Caribbean
Argentina,2020,5.901,9.850,0.897,69.200,0.823,-0.122,0.816,44938712,Latin America and Caribbean
Brazil,2011,7.038,9.637,0.916,64.760,0.834,-0.072,0.662,210147125,Latin America and Caribbean
Brazil,2012,6.660,9.647,0.890,65.020,0.849,-0.089,0.623,210147125,Latin America and Caribbean
Brazil,2013,7.140,9.668,0.910,65.280,0.785,-0.095,0.707,210147125,Latin America and Caribbean
Brazil,2014,6.981,9.664,0.898,65.540,0.714,-0.115,0.710,210147125,Latin America and Caribbean
Brazil,2015,6.547,9.620,0.907,65.800,0.799,-0.016,0.771,210147125,Latin America and Caribbean
Brazil,2016,6.375,9.578,0.912,66.000,0.807,-0.100,0.781,210147125,Latin America and Caribbean
Brazil,2017,6.333,9.583,0.905,66.200,0.765,-0.175,0.794,210147125,Latin America and Caribbean
Brazil,2018,6.191,9.589,0.882,66.400,0.751,-0.117,0.763,210147125,Latin America and Caribbean
Brazil,2019,6.451,9.592,0.899,66.600,0.830,-0.062,0.762,210147125,Latin America and Caribbean
Brazil,2020,6.110,9.522,0.831,66.800,0.786,-0.053,0.729,210147125,Latin America and Caribbean
Chile,2011,6.526,9.980,0.819,69.040,0.701,0.112,0.753,17574003,Latin America and Caribbean
Chile,2012,6.599,10.023,0.855,69.180,0.734,0.195,0.782,17574003,Latin America and Caribbean
Chile,2013,6.740,10.053,0.862,69.320,0.737,0.085,0.741,17574003,Latin America and Caribbean
Chile,2014,6.844,10.059,0.862,69.460,0.733,0.217,0.758,17574003,Latin America and Caribbean
Chile,2015,6.533,10.070,0.827,69.600,0.769,0.041,0.812,17574003,Latin America and Caribbean
Chile,2016,6.579,10.074,0.841,69.700,0.652,0.102,0.858,17574003,Latin America and Caribbean
Chile,2017,6.320,10.072,0.880,69.800,0.790,-0.020,0.836,17574003,Latin America and Caribbean
Chile,2018,6.436,10.097,0.890,69.900,0.789,-0.060,0.816,17574003,Latin America and Caribbean
Chile,2019,5.942,10.095,0.869,70.000,0.659,-0.103,0.860,17574003,Latin America and Caribbean
Chile,2020,6.151,10.020,0.888,70.100,0.781,0.033,0.812,17574003,Latin America and Caribbean
Colombia,2011,6.464,9.442,0.904,65.920,0.811,-0.073,0.847,50372424,Latin America and Caribbean
Colombia,2012,6.375,9.471,0.914,66.140,0.828,-0.009,0.868,50372424,Latin America and Caribbean
Colombia,2013,6.607,9.512,0.901,66.360,0.841,-0.071,0.898,50372424,Latin America and Caribbean
Colombia,2014,6.449,9.546,0.907,66.580,0.801,-0.090,0.887,50372424,Latin America and Caribbean
Colombia,2015,6.388,9.564,0.890,66.800,0.791,-0.100,0.843,50372424,Latin America and Caribbean
Colombia,2016,6.234,9.571,0.882,67.100,0.835,-0.100,0.898,50372424,Latin America and Caribbean
Colombia,2017,6.157,9.569,0.909,67.400,0.838,-0.157,0.875,50372424,Latin America and Caribbean
Colombia,2018,5.984,9.579,0.871,67.700,0.851,-0.148,0.855,50372424,Latin America and Caribbean
Colombia,2019,6.350,9.598,0.873,68.000,0.822,-0.172,0.854,50372424,Latin America and Caribbean
Colombia,2020,5.709,9.495,0.797,68.300,0.840,-0.085,0.808,50372424,Latin America and Caribbean
France,2011,6.959,10.671,0.921,72.400,0.903,-0.102,0.627,67406000,Western Europe
France,2012,6.649,10.669,0.937,72.600,0.841,-0.149,0.608,67406000,Western Europe
France,2013,6.667,10.669,0.908,72.800,0.878,-0.125,0.699,67406000,Western Europe
France,2014,6.467,10.674,0.878,73.000,0.803,-0.118,0.656,67406000,Western Europe
France,2015,6.358,10.682,0.896,73.200,0.817,-0.139,0.641,67406000,Western Europe
France,2016,6.475,10.690,0.885,73.400,0.787,-0.091,0.623,67406000,Western Europe
France,2017,6.635,10.711,0.931,73.600,0.834,-0.123,0.601,67406000,Western Europe
France,2018,6.666,10.727,0.921,73.800,0.816,-0.138,0.582,67406000,Western Europe
France,2019,6.690,10.740,0.958,74.000,0.827,-0.133,0.568,67406000,Western Europe
France,2020,6.714,10.643,0.947,74.200,0.823,-0.169,0.565,67406000,Western Europe
Germany,2011,6.621,10.813,0.947,70.980,0.906,0.033,0.677,83166711,Western Europe
Germany,2012,6.702,10.816,0.926,71.060,0.904,0.071,0.679,83166711,Western Europe
Germany,2013,6.965,10.817,0.931,71.140,0.894,0.024,0.566,83166711,Western Europe
Germany,2014,6.984,10.835,0.938,71.220,0.899,0.088,0.474,83166711,Western Europe
Germany,2015,7.037,10.844,0.926,71.300,0.889,0.178,0.412,83166711,Western Europe
Germany,2016,6.874,10.858,0.906,71.600,0.871,0.148,0.446,83166711,Western Europe
Germany,2017,7.074,10.878,0.892,71.900,0.841,0.145,0.414,83166711,Western Europe
Germany,2018,7.118,10.890,0.920,72.200,0.877,0.034,0.496,83166711,Western Europe
Germany,2019,7.035,10.893,0.886,72.500,0.885,0.057,0.462,83166711,Western Europe
Germany,2020,7.312,10.833,0.905,72.800,0.864,-0.060,0.424,83166711,Western Europe
Greece,2011,5.372,10.339,0.852,71.560,0.528,-0.316,0.941,10718565,Western Europe
Greece,2012,5.096,10.268,0.812,71.620,0.373,-0.305,0.959,10718565,Western Europe
Greece,2013,4.720,10.243,0.687,71.680,0.426,-0.272,0.941,10718565,Western Europe
Greece,2014,4.756,10.257,0.832,71.740,0.369,-0.288,0.930,10718565,Western Europe
Greece,2015,5.623,10.259,0.835,71.800,0.532,-0.272,0.824,10718565,Western Europe
Greece,2016,5.303,10.261,0.803,72.000,0.482,-0.260,0.898,10718565,Western Europe
Greece,2017,5.148,10.278,0.753,72.200,0.438,-0.290,0.872,10718565,Western Europe
Greece,2018,5.409,10.299,0.794,72.400,0.564,-0.335,0.860,10718565,Western Europe
Greece,2019,5.952,10.319,0.891,72.600,0.614,-0.289,0.848,10718565,Western Europe
Greece,2020,5.788,10.215,0.779,72.800,0.565,-0.241,0.764,10718565,Western Europe
Switzerland,2006,7.473,11.050,0.951,71.540,0.919,0.290,0.408,8570146,Western Europe
Switzerland,2009,7.525,11.055,0.938,72.260,0.891,0.125,0.342,8570146,Western Europe
Switzerland,2012,7.776,11.079,0.947,72.780,0.945,0.139,0.323,8570146,Western Europe
Switzerland,2014,7.493,11.098,0.959,73.060,0.949,0.060,0.283,8570146,Western Europe
Switzerland,2015,7.572,11.100,0.938,73.200,0.928,0.109,0.210,8570146,Western Europe
Switzerland,2016,7.459,11.106,0.928,73.500,0.934,0.088,0.302,8570146,Western Europe
Switzerland,2017,7.474,11.115,0.950,73.800,0.925,0.180,0.316,8570146,Western Europe
Switzerland,2018,7.509,11.134,0.930,74.100,0.926,0.101,0.301,8570146,Western Europe
Switzerland,2019,7.694,11.136,0.949,74.400,0.913,0.036,0.294,8570146,Western Europe
Switzerland,2020,7.508,11.081,0.946,74.700,0.917,-0.064,0.280,8570146,Western Europe
Australia,2011,7.406,10.733,0.967,72.300,0.945,0.369,0.382,25796300,North America and ANZ
Australia,2012,7.196,10.754,0.945,72.400,0.935,0.274,0.368,25796300,North America and ANZ
Australia,2013,7.364,10.762,0.928,72.500,0.933,0.269,0.432,25796300,North America and ANZ
Australia,2014,7.289,10.772,0.924,72.600,0.923,0.319,0.442,25796300,North America and ANZ
Australia,2015,7.309,10.779,0.952,72.700,0.922,0.332,0.357,25796300,North America and ANZ
Australia,2016,7.250,10.791,0.942,73.000,0.922,0.239,0.399,25796300,North America and ANZ
Australia,2017,7.257,10.798,0.950,73.300,0.911,0.317,0.411,25796300,North America and ANZ
Australia,2018,7.177,10.811,0.940,73.600,0.916,0.146,0.405,25796300,North America and ANZ
Australia,2019,7.234,10.815,0.943,73.900,0.918,0.121,0.430,25796300,North America and ANZ
Australia,2020,7.137,10.760,0.937,74.200,0.905,0.210,0.491,25796300,North America and ANZ
Canada,2011,7.426,10.738,0.922,72.360,0.951,0.253,0.433,38048738,North America and ANZ
Canada,2012,7.415,10.744,0.948,72.520,0.918,0.290,0.466,38048738,North America and ANZ
Canada,2013,7.594,10.757,0.936,72.680,0.916,0.316,0.406,38048738,North America and ANZ
Canada,2014,7.304,10.775,0.918,72.840,0.939,0.270,0.442,38048738,North America and ANZ
Canada,2015,7.413,10.774,0.939,73.000,0.931,0.253,0.427,38048738,North America and ANZ
Canada,2016,7.245,10.773,0.924,73.200,0.912,0.211,0.385,38048738,North America and ANZ
Canada,2017,7.415,10.792,0.934,73.400,0.945,0.163,0.362,38048738,North America and ANZ
Canada,2018,7.175,10.798,0.923,73.600,0.946,0.106,0.372,38048738,North America and ANZ
Canada,2019,7.109,10.800,0.925,73.800,0.912,0.112,0.436,38048738,North America and ANZ
Canada,2020,7.025,10.730,0.931,74.000,0.887,0.050,0.434,38048738,North America and ANZ
New Zealand,2011,7.191,10.536,0.954,72.120,0.935,0.284,0.269,5127940,North America and ANZ
New Zealand,2012,7.250,10.553,0.930,72.240,0.902,0.287,0.289,5127940,North America and ANZ
New Zealand,2013,7.280,10.571,0.958,72.360,0.944,0.237,0.312,5127940,North America and ANZ
New Zealand,2014,7.306,10.592,0.942,72.480,0.932,0.348,0.273,5127940,North America and ANZ
New Zealand,2015,7.418,10.608,0.987,72.600,0.942,0.329,0.186,5127940,North America and ANZ
New Zealand,2016,7.226,10.623,0.937,72.800,0.927,0.266,0.278,5127940,North America and ANZ
New Zealand,2017,7.327,10.633,0.955,73.000,0.942,0.294,0.222,5127940,North America and ANZ
New Zealand,2018,7.370,10.660,0.954,73.200,0.949,0.120,0.207,5127940,North America and ANZ
New Zealand,2019,7.205,10.666,0.939,73.400,0.912,0.157,0.234,5127940,North America and ANZ
New Zealand,2020,7.257,10.600,0.952,73.600,0.918,0.125,0.283,5127940,North America and ANZ
United States,2011,7.115,10.913,0.922,68.680,0.863,0.161,0.697,331449281,North America and ANZ
United States,2012,7.026,10.928,0.903,68.660,0.823,0.215,0.710,331449281,North America and ANZ
United States,2013,7.249,10.939,0.925,68.640,0.792,0.274,0.747,331449281,North America and ANZ
United States,2014,7.151,10.956,0.902,68.620,0.866,0.221,0.702,331449281,North America and ANZ
United States,2015,6.864,10.977,0.904,68.600,0.849,0.219,0.698,331449281,North America and ANZ
United States,2016,6.804,10.986,0.897,68.500,0.758,0.144,0.739,331449281,North America and ANZ
United States,2017,6.992,11.001,0.921,68.400,0.868,0.197,0.681,331449281,North America and ANZ
United States,2018,6.883,11.025,0.904,68.300,0.825,0.116,0.710,331449281,North America and ANZ
United States,2019,6.944,11.043,0.917,68.200,0.836,0.144,0.707,331449281,North America and ANZ
United States,2020,7.028,11.001,0.937,68.100,0.850,0.034,0.678,331449281,North America and ANZ